computer_time_utc,serial_line
2026-04-27T07:48:49.241542+00:00,"x,volume,muted,maskActive,refP2P,refCorr,refRatio,rms"
2026-04-27T07:48:49.244181+00:00,audioTask core=1
2026-04-27T07:48:49.244238+00:00,analysisTask core=0
2026-04-27T07:48:49.244321+00:00,"overnight,695140301,60013,298864,0,123,117.7,278.3,3897,0,0.000,0.000,1.00,0,0,273,0.21,5.01,0.0034"
2026-04-27T07:49:49.272096+00:00,"overnight,695140301,120045,298600,1,71,122.5,286.0,486,907,0.760,1.000,1.00,0,1,4095,0.58,10.02,0.0821"
2026-04-27T07:50:49.302554+00:00,"overnight,695140301,180077,298600,1,65,107.7,262.3,478,921,0.760,1.000,1.00,0,1,4078,0.55,12.11,0.0748"
2026-04-27T07:51:49.333078+00:00,"overnight,695140301,240109,298600,0,114,150.5,330.8,3495,1069,0.023,0.041,0.60,0,0,298,0.43,5.98,0.0035"
2026-04-27T07:52:49.363531+00:00,"overnight,695140301,300141,298600,0,171,125.6,291.0,2008,0,0.000,0.000,0.60,0,0,344,0.54,5.48,0.0064"
2026-04-27T07:54:49.424682+00:00,"overnight,695140301,360173,298600,0,127,123.5,287.5,3823,0,0.000,0.000,0.60,0,0,324,0.38,5.27,0.0038"
2026-04-27T07:54:49.425981+00:00,"overnight,695140301,420205,298600,0,114,119.4,281.1,3896,0,0.000,0.000,0.60,0,0,312,0.47,6.17,0.0034"
2026-04-27T07:55:49.455082+00:00,"overnight,695140301,480237,298600,0,126,117.2,277.5,3873,0,0.000,0.000,0.60,0,0,314,0.41,4.80,0.0039"
2026-04-27T07:56:49.485746+00:00,"overnight,695140301,540269,298600,0,131,123.1,287.0,3908,0,0.000,0.000,0.60,0,0,314,0.48,5.19,0.0038"
2026-04-27T07:57:49.516269+00:00,"overnight,695140301,600301,298600,0,133,122.4,285.9,3865,0,0.000,0.000,0.60,0,0,344,0.48,5.60,0.0038"
2026-04-27T07:59:49.577442+00:00,"overnight,695140301,660333,298600,0,119,121.6,284.6,3854,0,0.000,0.000,0.60,0,0,277,0.51,5.29,0.0037"
2026-04-27T07:59:49.579097+00:00,"overnight,695140301,720365,298600,0,115,123.1,286.9,3868,0,0.000,0.000,0.60,0,0,328,0.46,6.04,0.0036"
2026-04-27T08:00:49.608038+00:00,"overnight,695140301,780397,298600,0,131,123.8,288.1,3793,0,0.000,0.000,0.60,0,0,292,0.45,5.09,0.0039"
2026-04-27T08:01:49.638548+00:00,"overnight,695140301,840429,298600,0,133,126.2,291.9,3849,0,0.000,0.000,0.60,0,0,316,0.42,5.33,0.0037"
2026-04-27T08:02:49.668962+00:00,"overnight,695140301,900461,298600,0,115,124.8,289.7,3857,0,0.000,0.000,0.60,0,0,290,0.43,5.84,0.0036"
2026-04-27T08:04:49.730134+00:00,"overnight,695140301,960493,298600,0,130,122.4,285.8,3872,0,0.000,0.000,0.60,0,0,312,0.36,4.83,0.0039"
2026-04-27T08:04:49.731975+00:00,"overnight,695140301,1020525,298600,0,133,124.3,288.8,3939,0,0.000,0.000,0.60,0,0,276,0.34,4.86,0.0039"
2026-04-27T08:05:49.760546+00:00,"overnight,695140301,1080557,298600,0,139,124.3,288.9,3844,0,0.000,0.000,0.60,0,0,268,0.40,4.91,0.0038"
2026-04-27T08:06:49.791447+00:00,"overnight,695140301,1140589,298600,0,121,119.5,281.1,3890,0,0.000,0.000,0.60,0,0,335,0.37,5.46,0.0038"
2026-04-27T08:08:49.852408+00:00,"overnight,695140301,1200621,298600,0,124,120.7,283.2,3911,0,0.000,0.000,0.60,0,0,286,0.42,5.34,0.0037"
2026-04-27T08:08:49.853897+00:00,"overnight,695140301,1260653,298600,0,120,122.7,286.3,3821,0,0.000,0.000,0.60,0,0,316,0.52,5.41,0.0037"
2026-04-27T08:09:49.883263+00:00,"overnight,695140301,1320685,298600,0,139,124.7,289.5,3874,0,0.000,0.000,0.60,0,0,277,0.31,6.39,0.0037"
2026-04-27T08:10:49.913603+00:00,"overnight,695140301,1380717,298600,0,111,121.4,284.3,3899,0,0.000,0.000,0.60,0,0,296,0.39,5.55,0.0036"
2026-04-27T08:11:49.944119+00:00,"overnight,695140301,1440749,298600,0,111,120.7,283.2,3917,0,0.000,0.000,0.60,0,0,280,0.36,5.20,0.0036"
2026-04-27T08:12:49.974572+00:00,"overnight,695140301,1500781,298600,0,122,121.1,283.7,3849,0,0.000,0.000,0.60,0,0,269,0.49,5.38,0.0037"
2026-04-27T08:13:50.005237+00:00,"overnight,695140301,1560813,298600,0,118,119.2,280.7,3850,0,0.000,0.000,0.60,0,0,306,0.41,5.04,0.0035"
2026-04-27T08:14:50.035769+00:00,"overnight,695140301,1620845,298600,0,116,123.6,287.7,3886,0,0.000,0.000,0.60,0,0,270,0.35,5.53,0.0036"
2026-04-27T08:15:50.066280+00:00,"overnight,695140301,1680877,298600,0,124,123.8,288.0,3906,0,0.000,0.000,0.60,0,0,271,0.43,4.64,0.0037"
2026-04-27T08:17:50.127489+00:00,"overnight,695140301,1740909,298600,0,128,125.4,290.7,3875,0,0.000,0.000,0.60,0,0,304,0.43,4.76,0.0037"
2026-04-27T08:17:50.127946+00:00,"overnight,695140301,1800941,298600,0,119,121.8,284.8,3838,0,0.000,0.000,0.60,0,0,278,0.47,5.93,0.0036"
2026-04-27T08:19:50.188639+00:00,"overnight,695140301,1860973,298600,0,115,121.3,284.1,3864,0,0.000,0.000,0.60,0,0,300,0.34,5.28,0.0037"
2026-04-27T08:19:50.189934+00:00,"overnight,695140301,1921005,298600,0,118,120.1,282.1,3892,0,0.000,0.000,0.60,0,0,296,0.41,6.37,0.0036"
2026-04-27T08:20:50.273803+00:00,"overnight,695140301,1981037,298600,0,143,127.2,293.5,3882,0,0.000,0.000,0.60,0,0,274,0.31,4.54,0.0038"
2026-04-27T08:21:50.305949+00:00,"overnight,695140301,2041069,298600,0,119,121.1,283.8,3892,0,0.000,0.000,0.60,0,0,264,0.37,5.28,0.0036"
2026-04-27T08:22:50.337823+00:00,"overnight,695140301,2101101,298600,0,121,123.3,287.2,3874,0,0.000,0.000,0.60,0,0,273,0.44,5.12,0.0037"
2026-04-27T08:23:50.369650+00:00,"overnight,695140301,2161133,298600,0,120,121.9,285.0,3856,0,0.000,0.000,0.60,0,0,323,0.52,5.79,0.0037"
2026-04-27T08:24:50.401712+00:00,"overnight,695140301,2221165,298600,0,111,123.1,286.9,3845,0,0.000,0.000,0.60,0,0,333,0.38,5.10,0.0037"
2026-04-27T08:25:50.433786+00:00,"overnight,695140301,2281197,298600,0,115,122.3,285.7,3864,0,0.000,0.000,0.60,0,0,300,0.41,5.11,0.0036"
2026-04-27T08:26:50.465624+00:00,"overnight,695140301,2341229,298600,0,109,121.7,284.8,3794,0,0.000,0.000,0.60,0,0,337,0.35,5.61,0.0036"
2026-04-27T08:27:50.497641+00:00,"overnight,695140301,2401261,298600,0,130,123.1,287.0,3820,0,0.000,0.000,0.60,0,0,303,0.28,5.36,0.0038"
2026-04-27T08:28:50.529668+00:00,"overnight,695140301,2461293,298600,0,110,119.2,280.7,3898,0,0.000,0.000,0.60,0,0,319,0.51,5.45,0.0036"
2026-04-27T08:29:50.561474+00:00,"overnight,695140301,2521325,298600,0,128,118.6,279.8,3880,0,0.000,0.000,0.60,0,0,314,0.44,5.21,0.0038"
2026-04-27T08:31:50.625531+00:00,"overnight,695140301,2581357,298600,0,125,119.6,281.4,3952,0,0.000,0.000,0.60,0,0,287,0.30,4.62,0.0038"
2026-04-27T08:31:50.627032+00:00,"overnight,695140301,2641389,298600,0,119,122.2,285.5,3853,0,0.000,0.000,0.60,0,0,320,0.41,5.52,0.0036"
2026-04-27T08:32:50.657289+00:00,"overnight,695140301,2701421,298600,0,145,124.7,289.5,3862,0,0.000,0.000,0.60,0,0,304,0.43,4.84,0.0038"
2026-04-27T08:34:50.721410+00:00,"overnight,695140301,2761453,298600,0,119,120.4,282.7,3840,0,0.000,0.000,0.60,0,0,285,0.46,5.79,0.0038"
2026-04-27T08:34:50.722998+00:00,"overnight,695140301,2821485,298600,0,126,121.2,283.9,3814,0,0.000,0.000,0.60,0,0,258,0.46,4.84,0.0039"
2026-04-27T08:35:50.753259+00:00,"overnight,695140301,2881517,298600,0,126,124.5,289.2,3834,0,0.000,0.000,0.60,0,0,253,0.29,5.11,0.0038"
2026-04-27T08:36:50.785273+00:00,"overnight,695140301,2941549,298600,0,117,122.9,286.7,3872,0,0.000,0.000,0.60,0,0,271,0.32,5.34,0.0036"
2026-04-27T08:37:50.817387+00:00,"overnight,695140301,3001581,298600,0,145,126.0,291.6,3883,0,0.000,0.000,0.60,0,0,334,0.43,5.12,0.0040"
2026-04-27T08:38:50.849268+00:00,"overnight,695140301,3061613,298600,0,119,120.0,282.1,3898,0,0.000,0.000,0.60,0,0,281,0.16,4.82,0.0038"
2026-04-27T08:39:50.881200+00:00,"overnight,695140301,3121645,298600,0,116,120.7,283.2,3876,0,0.000,0.000,0.60,0,0,278,0.37,5.27,0.0037"
2026-04-27T08:41:50.945375+00:00,"overnight,695140301,3181677,298600,0,136,125.7,291.1,3852,0,0.000,0.000,0.60,0,0,245,0.43,5.19,0.0038"
2026-04-27T08:41:50.945756+00:00,"overnight,695140301,3241709,298600,0,125,121.4,284.3,3832,0,0.000,0.000,0.60,0,0,307,0.51,5.63,0.0037"
2026-04-27T08:42:50.977344+00:00,"overnight,695140301,3301741,298600,0,113,121.6,284.6,3888,0,0.000,0.000,0.60,0,0,283,0.45,4.96,0.0036"
2026-04-27T08:43:51.009284+00:00,"overnight,695140301,3361773,298600,0,126,125.3,290.4,3836,0,0.000,0.000,0.60,0,0,300,0.36,5.16,0.0037"
2026-04-27T08:44:51.041482+00:00,"overnight,695140301,3421805,298600,0,121,124.3,288.9,3819,0,0.000,0.000,0.60,0,0,272,0.30,5.30,0.0038"
2026-04-27T08:45:51.073431+00:00,"overnight,695140301,3481837,298600,0,132,122.8,286.5,3855,0,0.000,0.000,0.60,0,0,311,0.45,5.65,0.0037"
2026-04-27T08:46:51.105290+00:00,"overnight,695140301,3541869,298600,0,124,122.4,285.8,3876,0,0.000,0.000,0.60,0,0,316,0.32,5.18,0.0037"
2026-04-27T08:47:51.137502+00:00,"overnight,695140301,3601901,298600,0,111,119.3,280.9,3921,0,0.000,0.000,0.60,0,0,308,0.41,5.71,0.0036"
2026-04-27T08:48:51.169343+00:00,"overnight,695140301,3661933,298600,0,127,121.7,284.7,3843,0,0.000,0.000,0.60,0,0,300,0.41,5.84,0.0037"
2026-04-27T08:50:51.233306+00:00,"overnight,695140301,3721965,298600,0,131,120.0,282.0,3905,0,0.000,0.000,0.60,0,0,325,0.37,5.12,0.0039"
2026-04-27T08:50:51.234808+00:00,"overnight,695140301,3781997,298600,0,125,122.5,286.0,3890,0,0.000,0.000,0.60,0,0,292,0.37,5.44,0.0036"
2026-04-27T08:51:51.265320+00:00,"overnight,695140301,3842029,298600,0,111,123.9,288.2,3914,0,0.000,0.000,0.60,0,0,302,0.44,5.83,0.0036"
2026-04-27T08:53:51.329594+00:00,"overnight,695140301,3902061,298600,0,130,121.1,283.7,3877,0,0.000,0.000,0.60,0,0,284,0.29,5.25,0.0038"
2026-04-27T08:53:51.332663+00:00,"overnight,695140301,3962093,298600,0,121,119.9,281.8,3925,0,0.000,0.000,0.60,0,0,320,0.41,5.23,0.0037"
2026-04-27T08:54:51.361338+00:00,"overnight,695140301,4022125,298600,0,132,126.6,292.6,3877,0,0.000,0.000,0.60,0,0,346,0.49,5.17,0.0038"
2026-04-27T08:55:51.393462+00:00,"overnight,695140301,4082157,298600,0,109,118.0,278.8,3921,0,0.000,0.000,0.60,0,0,288,0.51,5.28,0.0036"
2026-04-27T08:56:51.425478+00:00,"overnight,695140301,4142189,298600,0,121,124.6,289.3,3824,0,0.000,0.000,0.60,0,0,280,0.51,4.99,0.0038"
2026-04-27T08:58:51.476378+00:00,"overnight,695140301,4202221,298600,0,119,120.9,283.5,3881,0,0.000,0.000,0.60,0,0,270,0.44,5.48,0.0037"
2026-04-27T08:58:51.476788+00:00,"overnight,695140301,4262253,298600,0,120,120.0,282.0,3876,0,0.000,0.000,0.60,0,0,254,0.37,4.56,0.0038"
2026-04-27T08:59:51.507844+00:00,"overnight,695140301,4322285,298600,0,156,126.7,292.7,3886,0,0.000,0.000,0.60,0,0,263,0.41,5.15,0.0039"
2026-04-27T09:00:51.539540+00:00,"overnight,695140301,4382317,298600,0,118,115.9,275.5,3896,0,0.000,0.000,0.60,0,0,265,0.28,5.64,0.0035"
2026-04-27T09:01:51.571472+00:00,"overnight,695140301,4442349,298600,0,131,120.4,282.7,3880,0,0.000,0.000,0.60,0,0,380,0.39,5.90,0.0037"
2026-04-27T09:02:51.603471+00:00,"overnight,695140301,4502381,298600,0,110,123.3,287.3,3842,0,0.000,0.000,0.60,0,0,322,0.41,5.12,0.0035"
2026-04-27T09:03:51.634629+00:00,"overnight,695140301,4562413,298600,0,115,123.0,286.7,3857,0,0.000,0.000,0.60,0,0,296,0.42,5.88,0.0037"
2026-04-27T09:04:51.666708+00:00,"overnight,695140301,4622445,298600,0,132,122.4,285.9,3876,0,0.000,0.000,0.60,0,0,336,0.35,5.49,0.0037"
2026-04-27T09:06:51.729934+00:00,"overnight,695140301,4682477,298600,0,115,122.4,285.9,3888,0,0.000,0.000,0.60,0,0,306,0.42,5.84,0.0036"
2026-04-27T09:06:51.731498+00:00,"overnight,695140301,4742509,298600,0,122,124.3,288.9,3910,0,0.000,0.000,0.60,0,0,290,0.45,5.68,0.0037"
2026-04-27T09:08:51.793319+00:00,"overnight,695140301,4802541,298600,0,109,116.0,275.6,3889,0,0.000,0.000,0.60,0,0,282,0.55,5.61,0.0035"
2026-04-27T09:08:51.794798+00:00,"overnight,695140301,4862573,298600,0,124,123.9,288.2,3886,0,0.000,0.000,0.60,0,0,285,0.54,5.73,0.0035"
2026-04-27T09:09:51.825089+00:00,"overnight,695140301,4922605,298600,0,130,121.7,284.8,3901,0,0.000,0.000,0.60,0,0,326,0.51,5.43,0.0037"
2026-04-27T09:10:51.856796+00:00,"overnight,695140301,4982637,298600,0,116,121.4,284.2,3904,0,0.000,0.000,0.60,0,0,305,0.40,6.04,0.0036"
2026-04-27T09:11:51.888233+00:00,"overnight,695140301,5042669,298600,0,130,118.9,280.2,3892,0,0.000,0.000,0.60,0,0,307,0.34,4.97,0.0038"
2026-04-27T09:12:51.920065+00:00,"overnight,695140301,5102701,298600,0,111,119.4,281.0,3894,0,0.000,0.000,0.60,0,0,328,0.46,5.83,0.0036"
2026-04-27T09:13:51.951732+00:00,"overnight,695140301,5162733,298600,0,122,122.8,286.5,3855,0,0.000,0.000,0.60,0,0,290,0.39,4.86,0.0039"
2026-04-27T09:14:51.983391+00:00,"overnight,695140301,5222765,298600,0,120,122.4,285.9,3872,0,0.000,0.000,0.60,0,0,360,0.55,6.35,0.0037"
2026-04-27T09:15:52.015175+00:00,"overnight,695140301,5282797,298600,0,115,118.3,279.3,3868,0,0.000,0.000,0.60,0,0,284,0.48,5.05,0.0038"
2026-04-27T09:16:52.046975+00:00,"overnight,695140301,5342829,298600,0,113,119.9,281.8,3896,0,0.000,0.000,0.60,0,0,258,0.42,5.11,0.0036"
2026-04-27T09:17:52.078688+00:00,"overnight,695140301,5402861,298600,0,141,121.5,284.4,3858,0,0.000,0.000,0.60,0,0,332,0.41,4.77,0.0038"
2026-04-27T09:19:52.142102+00:00,"overnight,695140301,5462893,298600,0,108,121.8,284.8,3885,0,0.000,0.000,0.60,0,0,278,0.44,5.04,0.0037"
2026-04-27T09:19:52.144561+00:00,"overnight,695140301,5522925,298600,0,117,120.7,283.2,3859,0,0.000,0.000,0.60,0,0,323,0.57,4.97,0.0037"
2026-04-27T09:21:52.205517+00:00,"overnight,695140301,5582957,298600,0,125,121.3,284.1,3859,0,0.000,0.000,0.60,0,0,295,0.45,4.91,0.0038"
2026-04-27T09:21:52.205809+00:00,"overnight,695140301,5642989,298600,0,115,118.7,279.9,3828,0,0.000,0.000,0.60,0,0,292,0.44,5.88,0.0036"
2026-04-27T09:23:52.268841+00:00,"overnight,695140301,5703021,298600,0,130,120.9,283.4,3889,0,0.000,0.000,0.60,0,0,300,0.56,5.18,0.0038"
2026-04-27T09:23:52.270354+00:00,"overnight,695140301,5763053,298600,0,130,124.7,289.5,3818,0,0.000,0.000,0.60,0,0,292,0.41,5.60,0.0036"
2026-04-27T09:24:52.300678+00:00,"overnight,695140301,5823085,298600,0,125,123.8,288.1,3900,0,0.000,0.000,0.60,0,0,278,0.45,5.36,0.0037"
2026-04-27T09:26:52.364226+00:00,"overnight,695140301,5883117,298600,0,103,121.9,285.1,3890,0,0.000,0.000,0.60,0,0,260,0.35,6.27,0.0036"
2026-04-27T09:26:52.365772+00:00,"overnight,695140301,5943149,298600,0,115,122.2,285.5,3888,0,0.000,0.000,0.60,0,0,302,0.51,5.55,0.0036"
2026-04-27T09:28:52.427776+00:00,"overnight,695140301,6003181,298600,0,117,123.5,287.5,3842,0,0.000,0.000,0.60,0,0,333,0.42,6.20,0.0036"
2026-04-27T09:28:52.428106+00:00,"overnight,695140301,6063213,298600,0,117,124.5,289.2,3846,0,0.000,0.000,0.60,0,0,310,0.43,6.00,0.0037"
2026-04-27T09:29:52.459141+00:00,"overnight,695140301,6123245,298600,0,112,120.7,283.1,3834,0,0.000,0.000,0.60,0,0,316,0.52,5.49,0.0036"
2026-04-27T09:30:52.490787+00:00,"overnight,695140301,6183277,298600,0,118,123.2,287.1,3892,0,0.000,0.000,0.60,0,0,281,0.45,5.60,0.0036"
2026-04-27T09:31:52.522707+00:00,"overnight,695140301,6243309,298600,0,116,120.8,283.3,3891,0,0.000,0.000,0.60,0,0,288,0.40,5.69,0.0036"
2026-04-27T09:32:52.554185+00:00,"overnight,695140301,6303341,298600,0,115,122.7,286.3,3744,0,0.000,0.000,0.60,0,0,278,0.48,5.13,0.0037"
2026-04-27T09:33:52.560360+00:00,"overnight,695140301,6363373,298600,0,116,121.1,283.8,3842,0,0.000,0.000,0.60,0,0,290,0.34,6.07,0.0036"
2026-04-27T09:34:52.582807+00:00,"overnight,695140301,6423405,298600,0,112,123.6,287.8,3872,0,0.000,0.000,0.60,0,0,314,0.51,5.68,0.0036"
2026-04-27T09:35:52.613631+00:00,"overnight,695140301,6483437,298600,0,122,123.4,287.4,3844,0,0.000,0.000,0.60,0,0,316,0.27,5.21,0.0038"
2026-04-27T09:37:52.675362+00:00,"overnight,695140301,6543469,298600,0,128,122.3,285.6,3889,0,0.000,0.000,0.60,0,0,320,0.49,5.74,0.0038"
2026-04-27T09:37:52.677042+00:00,"overnight,695140301,6603501,298600,0,122,123.2,287.1,3844,0,0.000,0.000,0.60,0,0,279,0.44,5.67,0.0036"
2026-04-27T09:38:52.706233+00:00,"overnight,695140301,6663533,298600,0,117,123.4,287.5,3878,0,0.000,0.000,0.60,0,0,278,0.50,5.63,0.0036"
2026-04-27T09:39:52.737039+00:00,"overnight,695140301,6723565,298600,0,123,125.6,291.0,3897,0,0.000,0.000,0.60,0,0,347,0.47,5.50,0.0037"
2026-04-27T09:41:52.799181+00:00,"overnight,695140301,6783597,298600,0,131,121.4,284.2,3871,0,0.000,0.000,0.60,0,0,287,0.41,5.11,0.0039"
2026-04-27T09:41:52.800604+00:00,"overnight,695140301,6843629,298600,0,125,121.5,284.5,3881,0,0.000,0.000,0.60,0,0,280,0.45,4.72,0.0037"
2026-04-27T09:42:52.829902+00:00,"overnight,695140301,6903661,298600,0,118,125.5,290.8,3876,0,0.000,0.000,0.60,0,0,341,0.43,5.58,0.0037"
2026-04-27T09:43:52.860672+00:00,"overnight,695140301,6963693,298600,0,120,124.3,288.9,3880,0,0.000,0.000,0.60,0,0,334,0.51,5.57,0.0037"
2026-04-27T09:44:52.891627+00:00,"overnight,695140301,7023725,298600,0,108,120.5,282.7,3837,0,0.000,0.000,0.60,0,0,312,0.49,5.49,0.0036"
2026-04-27T09:45:52.922472+00:00,"overnight,695140301,7083757,298600,0,117,118.0,278.9,3835,0,0.000,0.000,0.60,0,0,332,0.51,5.72,0.0036"
2026-04-27T09:46:52.953414+00:00,"overnight,695140301,7143789,298600,0,125,123.1,286.9,3870,0,0.000,0.000,0.60,0,0,288,0.34,5.05,0.0038"
2026-04-27T09:47:52.984295+00:00,"overnight,695140301,7203821,298600,0,138,120.0,282.0,3919,0,0.000,0.000,0.60,0,0,305,0.40,4.65,0.0039"
2026-04-27T09:48:53.015315+00:00,"overnight,695140301,7263853,298600,0,120,120.4,282.7,3889,0,0.000,0.000,0.60,0,0,334,0.33,6.51,0.0036"
2026-04-27T09:49:53.045983+00:00,"overnight,695140301,7323885,298600,0,126,121.9,285.1,3903,0,0.000,0.000,0.60,0,0,290,0.40,5.51,0.0036"
2026-04-27T09:50:53.077196+00:00,"overnight,695140301,7383917,298600,0,125,120.9,283.5,3915,0,0.000,0.000,0.60,0,0,260,0.44,5.32,0.0038"
2026-04-27T09:51:53.107943+00:00,"overnight,695140301,7443949,298600,0,125,124.7,289.5,3780,0,0.000,0.000,0.60,0,0,296,0.23,5.31,0.0038"
2026-04-27T09:52:53.138747+00:00,"overnight,695140301,7503981,298600,0,113,119.5,281.2,3818,0,0.000,0.000,0.60,0,0,312,0.42,5.84,0.0036"
2026-04-27T09:53:53.169952+00:00,"overnight,695140301,7564013,298600,0,104,121.1,283.8,3840,0,0.000,0.000,0.60,0,0,342,0.39,5.80,0.0035"
2026-04-27T09:55:53.231408+00:00,"overnight,695140301,7624045,298600,0,120,123.0,286.8,3871,0,0.000,0.000,0.60,0,0,303,0.54,5.59,0.0036"
2026-04-27T09:55:53.231926+00:00,"overnight,695140301,7684077,298600,0,143,127.0,293.1,3889,0,0.000,0.000,0.60,0,0,298,0.27,4.95,0.0038"
2026-04-27T09:56:53.262369+00:00,"overnight,695140301,7744109,298600,0,122,119.6,281.3,3831,0,0.000,0.000,0.60,0,0,281,0.39,5.48,0.0037"
2026-04-27T09:57:53.293318+00:00,"overnight,695140301,7804141,298600,0,119,123.7,288.0,3855,0,0.000,0.000,0.60,0,0,308,0.43,5.62,0.0036"
2026-04-27T09:58:53.324298+00:00,"overnight,695140301,7864173,298600,0,126,120.1,282.1,3867,0,0.000,0.000,0.60,0,0,290,0.36,5.89,0.0036"
2026-04-27T09:59:53.355117+00:00,"overnight,695140301,7924205,298600,0,143,123.7,288.0,3892,0,0.000,0.000,0.60,0,0,256,0.33,4.85,0.0038"
2026-04-27T10:00:53.386056+00:00,"overnight,695140301,7984237,298600,0,118,121.4,284.3,3821,0,0.000,0.000,0.60,0,0,278,0.34,5.15,0.0037"
2026-04-27T10:01:53.416899+00:00,"overnight,695140301,8044269,298600,0,120,122.8,286.5,3837,0,0.000,0.000,0.60,0,0,305,0.42,4.83,0.0037"
2026-04-27T10:02:53.447817+00:00,"overnight,695140301,8104301,298600,0,126,120.8,283.3,3927,0,0.000,0.000,0.60,0,0,271,0.22,5.13,0.0035"
2026-04-27T10:04:53.509695+00:00,"overnight,695140301,8164333,298600,0,119,121.8,284.9,3905,0,0.000,0.000,0.60,0,0,298,0.39,6.20,0.0036"
2026-04-27T10:04:53.511980+00:00,"overnight,695140301,8224365,298600,0,119,116.7,276.7,3839,0,0.000,0.000,0.60,0,0,328,0.40,5.48,0.0037"
2026-04-27T10:05:53.540473+00:00,"overnight,695140301,8284397,298600,0,126,120.4,282.6,3859,0,0.000,0.000,0.60,0,0,286,0.34,5.37,0.0036"
2026-04-27T10:06:53.571311+00:00,"overnight,695140301,8344429,298600,0,121,122.3,285.6,3886,0,0.000,0.000,0.60,0,0,307,0.41,5.89,0.0036"
2026-04-27T10:07:53.602441+00:00,"overnight,695140301,8404461,298600,0,128,124.5,289.2,3846,0,0.000,0.000,0.60,0,0,334,0.47,6.24,0.0036"
2026-04-27T10:08:53.644898+00:00,"overnight,695140301,8464493,298600,0,123,119.4,281.0,3874,0,0.000,0.000,0.60,0,0,267,0.52,5.82,0.0036"
2026-04-27T10:09:53.685977+00:00,"overnight,695140301,8524525,298600,0,117,119.6,281.3,3910,0,0.000,0.000,0.60,0,0,309,0.42,4.86,0.0037"
2026-04-27T10:11:53.749090+00:00,"overnight,695140301,8584557,298600,0,129,124.3,288.9,3876,0,0.000,0.000,0.60,0,0,290,0.40,5.23,0.0038"
2026-04-27T10:11:53.751046+00:00,"overnight,695140301,8644589,298600,0,117,121.0,283.5,3883,0,0.000,0.000,0.60,0,0,296,0.39,5.37,0.0035"
2026-04-27T10:13:53.811843+00:00,"overnight,695140301,8704621,298600,0,113,121.5,284.4,3840,0,0.000,0.000,0.60,0,0,312,0.37,5.47,0.0035"
2026-04-27T10:13:53.813891+00:00,"overnight,695140301,8764653,298600,0,110,120.0,282.0,3810,0,0.000,0.000,0.60,0,0,277,0.48,5.70,0.0035"
2026-04-27T10:14:53.843226+00:00,"overnight,695140301,8824685,298600,0,123,125.0,289.9,3894,0,0.000,0.000,0.60,0,0,316,0.47,6.15,0.0035"
2026-04-27T10:15:53.874667+00:00,"overnight,695140301,8884717,298600,0,118,120.5,282.8,3815,0,0.000,0.000,0.60,0,0,307,0.40,4.94,0.0036"
2026-04-27T10:16:53.906028+00:00,"overnight,695140301,8944749,298600,0,118,122.8,286.6,3793,0,0.000,0.000,0.60,0,0,272,0.47,4.80,0.0036"
2026-04-27T10:17:53.937320+00:00,"overnight,695140301,9004781,298600,0,120,117.7,278.3,3872,0,0.000,0.000,0.60,0,0,318,0.41,5.79,0.0035"
2026-04-27T10:18:53.968720+00:00,"overnight,695140301,9064813,298600,0,121,121.3,284.1,3826,0,0.000,0.000,0.60,0,0,323,0.47,5.67,0.0036"
2026-04-27T10:19:54.000219+00:00,"overnight,695140301,9124845,298600,0,120,123.5,287.6,3864,0,0.000,0.000,0.60,0,0,313,0.54,5.54,0.0037"
2026-04-27T10:20:54.031564+00:00,"overnight,695140301,9184877,298600,0,112,120.6,282.9,3891,0,0.000,0.000,0.60,0,0,308,0.48,6.49,0.0035"
2026-04-27T10:22:54.094681+00:00,"overnight,695140301,9244909,298600,0,133,118.7,279.9,3866,0,0.000,0.000,0.60,0,0,310,0.46,5.33,0.0036"
2026-04-27T10:22:54.097405+00:00,"overnight,695140301,9304941,298600,0,113,124.4,289.1,3873,0,0.000,0.000,0.60,0,0,330,0.53,6.15,0.0036"
2026-04-27T10:23:54.125762+00:00,"overnight,695140301,9364973,298600,0,114,121.2,283.8,3842,0,0.000,0.000,0.60,0,0,281,0.33,5.64,0.0036"
2026-04-27T10:24:54.157120+00:00,"overnight,695140301,9425005,298600,0,128,121.9,285.1,3877,0,0.000,0.000,0.60,0,0,280,0.37,5.33,0.0036"
2026-04-27T10:25:54.188606+00:00,"overnight,695140301,9485037,298600,0,131,122.8,286.4,3840,0,0.000,0.000,0.60,0,0,289,0.41,5.56,0.0036"
2026-04-27T10:27:54.251437+00:00,"overnight,695140301,9545069,298600,0,124,121.6,284.6,3873,0,0.000,0.000,0.60,0,0,280,0.49,5.86,0.0036"
2026-04-27T10:27:54.253091+00:00,"overnight,695140301,9605101,298600,0,113,122.4,285.9,3874,0,0.000,0.000,0.60,0,0,316,0.59,5.61,0.0036"
2026-04-27T10:28:54.282732+00:00,"overnight,695140301,9665133,298600,0,139,124.5,289.2,3847,0,0.000,0.000,0.60,0,0,292,0.50,5.66,0.0036"
2026-04-27T10:30:54.345503+00:00,"overnight,695140301,9725165,298600,0,125,120.0,282.0,3891,0,0.000,0.000,0.60,0,0,337,0.40,5.94,0.0035"
2026-04-27T10:30:54.348191+00:00,"overnight,695140301,9785197,298600,0,137,126.2,292.0,3833,0,0.000,0.000,0.60,0,0,298,0.40,5.87,0.0037"
2026-04-27T10:31:54.376799+00:00,"overnight,695140301,9845229,298600,0,118,124.4,289.0,3922,0,0.000,0.000,0.60,0,0,269,0.33,6.27,0.0035"
2026-04-27T10:32:54.408190+00:00,"overnight,695140301,9905261,298600,0,110,122.6,286.1,3850,0,0.000,0.000,0.60,0,0,354,0.44,6.31,0.0034"
2026-04-27T10:33:54.439749+00:00,"overnight,695140301,9965293,298600,0,113,125.3,290.5,3863,0,0.000,0.000,0.60,0,0,312,0.37,6.48,0.0035"
2026-04-27T10:34:54.471084+00:00,"overnight,695140301,10025325,298600,0,121,123.0,286.7,3883,0,0.000,0.000,0.60,0,0,298,0.43,5.88,0.0036"
2026-04-27T10:36:54.534013+00:00,"overnight,695140301,10085357,298600,0,117,121.9,285.0,3852,0,0.000,0.000,0.60,0,0,312,0.42,5.62,0.0036"
2026-04-27T10:36:54.536482+00:00,"overnight,695140301,10145389,298600,0,129,124.6,289.4,3873,0,0.000,0.000,0.60,0,0,317,0.33,5.15,0.0036"
2026-04-27T10:37:54.565302+00:00,"overnight,695140301,10205421,298600,0,124,124.7,289.5,3884,0,0.000,0.000,0.60,0,0,282,0.42,5.20,0.0037"
2026-04-27T10:38:54.596606+00:00,"overnight,695140301,10265453,298600,0,122,120.0,282.1,3935,0,0.000,0.000,0.60,0,0,306,0.62,6.04,0.0036"
2026-04-27T10:39:54.628222+00:00,"overnight,695140301,10325485,298600,0,124,120.5,282.8,3868,0,0.000,0.000,0.60,0,0,333,0.45,6.15,0.0037"
2026-04-27T10:40:54.659481+00:00,"overnight,695140301,10385517,298600,0,122,121.4,284.2,3863,0,0.000,0.000,0.60,0,0,269,0.48,4.74,0.0038"
2026-04-27T10:41:54.690942+00:00,"overnight,695140301,10445549,298600,0,128,121.0,283.6,3874,0,0.000,0.000,0.60,0,0,275,0.38,5.87,0.0037"
2026-04-27T10:42:54.722180+00:00,"overnight,695140301,10505581,298600,0,134,126.6,292.5,3891,0,0.000,0.000,0.60,0,0,310,0.33,5.11,0.0038"
2026-04-27T10:43:54.753620+00:00,"overnight,695140301,10565613,298600,0,124,123.1,286.9,3919,0,0.000,0.000,0.60,0,0,288,0.52,5.28,0.0036"
2026-04-27T10:44:54.778973+00:00,"overnight,695140301,10625645,298600,0,114,121.1,283.8,3841,0,0.000,0.000,0.60,0,0,284,0.43,6.34,0.0034"
2026-04-27T10:46:54.826172+00:00,"overnight,695140301,10685677,298600,0,125,119.6,281.3,3888,0,0.000,0.000,0.60,0,0,304,0.41,5.71,0.0036"
2026-04-27T10:46:54.829057+00:00,"overnight,695140301,10745709,298600,0,147,123.5,287.6,3870,0,0.000,0.000,0.60,0,0,300,0.37,5.17,0.0038"
2026-04-27T10:47:54.857043+00:00,"overnight,695140301,10805741,298600,0,117,119.8,281.6,3916,0,0.000,0.000,0.60,0,0,306,0.51,5.82,0.0035"
2026-04-27T10:48:54.887806+00:00,"overnight,695140301,10865773,298600,0,128,125.3,290.4,3855,0,0.000,0.000,0.60,0,0,289,0.40,4.65,0.0036"
2026-04-27T10:49:54.918496+00:00,"overnight,695140301,10925805,298600,0,113,119.8,281.7,3852,0,0.000,0.000,0.60,0,0,278,0.34,5.36,0.0036"
2026-04-27T10:50:54.949913+00:00,"overnight,695140301,10985837,298600,0,134,124.1,288.6,3855,0,0.000,0.000,0.60,0,0,327,0.43,5.47,0.0036"
2026-04-27T10:51:54.980352+00:00,"overnight,695140301,11045869,298600,0,135,120.8,283.3,3939,0,0.000,0.000,0.60,0,0,306,0.38,5.58,0.0037"
2026-04-27T10:52:55.011190+00:00,"overnight,695140301,11105901,298600,0,116,115.6,274.9,3886,0,0.000,0.000,0.60,0,0,314,0.42,5.88,0.0035"
2026-04-27T10:53:55.042203+00:00,"overnight,695140301,11165933,298600,0,127,123.4,287.4,3891,0,0.000,0.000,0.60,0,0,296,0.42,5.42,0.0036"
2026-04-27T10:54:55.072973+00:00,"overnight,695140301,11225965,298600,0,145,125.8,291.2,3896,0,0.000,0.000,0.60,0,0,279,0.43,5.24,0.0037"
2026-04-27T10:55:55.103831+00:00,"overnight,695140301,11285997,298600,0,140,123.0,286.9,3899,0,0.000,0.000,0.60,0,0,266,0.26,4.95,0.0037"
2026-04-27T10:56:55.134892+00:00,"overnight,695140301,11346029,298600,0,125,127.6,294.2,3822,0,0.000,0.000,0.60,0,0,309,0.42,6.59,0.0035"
2026-04-27T10:58:55.196635+00:00,"overnight,695140301,11406061,298600,0,138,124.2,288.7,3860,0,0.000,0.000,0.60,0,0,309,0.34,5.80,0.0037"
2026-04-27T10:58:55.199375+00:00,"overnight,695140301,11466093,298600,0,122,119.7,281.5,3832,0,0.000,0.000,0.60,0,0,266,0.39,6.03,0.0036"
2026-04-27T10:59:55.227379+00:00,"overnight,695140301,11526125,298600,0,114,120.6,283.0,3877,0,0.000,0.000,0.60,0,0,293,0.41,6.32,0.0036"
2026-04-27T11:00:55.258252+00:00,"overnight,695140301,11586157,298600,0,126,122.8,286.4,3873,0,0.000,0.000,0.60,0,0,312,0.36,5.94,0.0036"
2026-04-27T11:01:55.289255+00:00,"overnight,695140301,11646189,298600,0,125,122.5,286.0,3832,0,0.000,0.000,0.60,0,0,340,0.49,5.83,0.0037"
2026-04-27T11:02:55.320022+00:00,"overnight,695140301,11706221,298600,0,132,123.0,286.9,3845,0,0.000,0.000,0.60,0,0,324,0.42,6.12,0.0037"
2026-04-27T11:03:55.350930+00:00,"overnight,695140301,11766253,298600,0,121,121.6,284.6,3878,0,0.000,0.000,0.60,0,0,290,0.53,4.93,0.0037"
2026-04-27T11:04:55.381832+00:00,"overnight,695140301,11826285,298600,0,111,121.1,283.7,3920,0,0.000,0.000,0.60,0,0,281,0.37,6.23,0.0035"
2026-04-27T11:05:55.412728+00:00,"overnight,695140301,11886317,298600,0,120,121.6,284.6,3907,0,0.000,0.000,0.60,0,0,297,0.30,5.71,0.0035"
2026-04-27T11:06:55.443420+00:00,"overnight,695140301,11946349,298600,0,114,123.7,288.0,3855,0,0.000,0.000,0.60,0,0,306,0.36,5.92,0.0035"
2026-04-27T11:07:55.474390+00:00,"overnight,695140301,12006381,298600,0,118,122.6,286.1,3891,0,0.000,0.000,0.60,0,0,300,0.56,5.72,0.0035"
2026-04-27T11:08:55.505213+00:00,"overnight,695140301,12066413,298600,0,117,121.4,284.3,3903,0,0.000,0.000,0.60,0,0,304,0.39,5.55,0.0036"
2026-04-27T11:10:55.567182+00:00,"overnight,695140301,12126445,298600,0,111,119.5,281.2,3865,0,0.000,0.000,0.60,0,0,292,0.39,5.88,0.0035"
2026-04-27T11:10:55.570187+00:00,"overnight,695140301,12186477,298600,0,121,122.0,285.2,3803,0,0.000,0.000,0.60,0,0,309,0.36,5.28,0.0036"
2026-04-27T11:11:55.597986+00:00,"overnight,695140301,12246509,298600,0,149,125.5,290.8,3846,0,0.000,0.000,0.60,0,0,318,0.40,5.47,0.0038"
2026-04-27T11:13:55.659558+00:00,"overnight,695140301,12306541,298600,0,122,124.9,289.9,3854,0,0.000,0.000,0.60,0,0,260,0.32,5.74,0.0036"
2026-04-27T11:13:55.659810+00:00,"overnight,695140301,12366573,298600,0,106,120.9,283.4,3853,0,0.000,0.000,0.60,0,0,304,0.45,6.55,0.0035"
2026-04-27T11:14:55.690434+00:00,"overnight,695140301,12426605,298600,0,139,121.5,284.3,3880,0,0.000,0.000,0.60,0,0,291,0.43,5.93,0.0036"
2026-04-27T11:15:55.721264+00:00,"overnight,695140301,12486637,298600,0,117,120.9,283.4,3901,0,0.000,0.000,0.60,0,0,288,0.46,6.13,0.0035"
2026-04-27T11:16:55.752247+00:00,"overnight,695140301,12546669,298600,0,126,126.2,291.9,3890,0,0.000,0.000,0.60,0,0,287,0.42,5.70,0.0037"
2026-04-27T11:18:55.814113+00:00,"overnight,695140301,12606701,298600,0,119,122.4,285.9,3886,0,0.000,0.000,0.60,0,0,295,0.24,5.64,0.0035"
2026-04-27T11:18:55.815644+00:00,"overnight,695140301,12666733,298600,0,134,121.1,283.8,3850,0,0.000,0.000,0.60,0,0,258,0.29,5.46,0.0036"
2026-04-27T11:19:55.844907+00:00,"overnight,695140301,12726765,298600,0,126,124.2,288.7,3848,0,0.000,0.000,0.60,0,0,321,0.38,5.29,0.0037"
2026-04-27T11:21:55.918854+00:00,"overnight,695140301,12786797,298600,0,112,124.1,288.5,3903,0,0.000,0.000,0.60,0,0,304,0.49,5.54,0.0036"
2026-04-27T11:21:55.920559+00:00,"overnight,695140301,12846829,298600,0,115,121.5,284.4,3872,0,0.000,0.000,0.60,0,0,280,0.48,5.65,0.0035"
2026-04-27T11:22:55.953372+00:00,"overnight,695140301,12906861,298600,0,131,121.0,283.6,3854,0,0.000,0.000,0.60,0,0,289,0.42,5.27,0.0036"
2026-04-27T11:23:55.984694+00:00,"overnight,695140301,12966893,298600,0,128,122.1,285.4,3894,0,0.000,0.000,0.60,0,0,304,0.37,5.68,0.0036"
2026-04-27T11:25:56.047412+00:00,"overnight,695140301,13026925,298600,0,112,121.8,284.9,3864,0,0.000,0.000,0.60,0,0,287,0.42,5.64,0.0035"
2026-04-27T11:25:56.048947+00:00,"overnight,695140301,13086957,298600,0,115,123.8,288.1,3914,0,0.000,0.000,0.60,0,0,271,0.35,5.43,0.0036"
2026-04-27T11:26:56.078570+00:00,"overnight,695140301,13146989,298600,0,122,125.3,290.4,3903,0,0.000,0.000,0.60,0,0,294,0.49,5.18,0.0035"
2026-04-27T11:27:56.109835+00:00,"overnight,695140301,13207021,298600,0,123,122.6,286.1,3889,0,0.000,0.000,0.60,0,0,262,0.37,5.42,0.0035"
2026-04-27T11:29:56.172184+00:00,"overnight,695140301,13267053,298600,0,117,122.0,285.2,3862,0,0.000,0.000,0.60,0,0,316,0.44,5.66,0.0035"
2026-04-27T11:29:56.173642+00:00,"overnight,695140301,13327085,298600,0,113,122.1,285.3,3844,0,0.000,0.000,0.60,0,0,296,0.44,6.03,0.0034"
2026-04-27T11:30:56.203526+00:00,"overnight,695140301,13387117,298600,0,111,121.4,284.2,3876,0,0.000,0.000,0.60,0,0,300,0.67,6.41,0.0034"
2026-04-27T11:32:56.265924+00:00,"overnight,695140301,13447149,298600,0,129,122.1,285.4,3859,0,0.000,0.000,0.60,0,0,290,0.51,5.08,0.0036"
2026-04-27T11:32:56.267450+00:00,"overnight,695140301,13507181,298600,0,121,121.5,284.4,3899,0,0.000,0.000,0.60,0,0,261,0.32,4.52,0.0035"
2026-04-27T11:33:56.297389+00:00,"overnight,695140301,13567213,298600,0,128,119.3,280.9,3817,0,0.000,0.000,0.60,0,0,260,0.28,5.22,0.0036"
2026-04-27T11:34:56.328412+00:00,"overnight,695140301,13627245,298600,0,115,120.8,283.3,3866,0,0.000,0.000,0.60,0,0,307,0.44,5.56,0.0034"
2026-04-27T11:35:56.359637+00:00,"overnight,695140301,13687277,298600,0,127,126.1,291.7,3890,0,0.000,0.000,0.60,0,0,336,0.47,5.59,0.0037"
2026-04-27T11:36:56.390878+00:00,"overnight,695140301,13747309,298600,0,126,121.5,284.4,3848,0,0.000,0.000,0.60,0,0,314,0.38,5.63,0.0036"
2026-04-27T11:37:56.422265+00:00,"overnight,695140301,13807341,298600,0,124,119.4,281.0,3859,0,0.000,0.000,0.60,0,0,298,0.42,5.67,0.0035"
2026-04-27T11:38:56.453416+00:00,"overnight,695140301,13867373,298600,0,116,120.7,283.1,3845,0,0.000,0.000,0.60,0,0,236,0.52,5.22,0.0036"
2026-04-27T11:39:56.484687+00:00,"overnight,695140301,13927405,298600,0,122,123.6,287.7,3941,0,0.000,0.000,0.60,0,0,303,0.51,6.11,0.0035"
2026-04-27T11:40:56.515924+00:00,"overnight,695140301,13987437,298600,0,116,119.2,280.7,3876,0,0.000,0.000,0.60,0,0,286,0.45,4.71,0.0035"
2026-04-27T11:41:56.547162+00:00,"overnight,695140301,14047469,298600,0,118,122.7,286.4,3869,0,0.000,0.000,0.60,0,0,289,0.44,6.06,0.0035"
2026-04-27T11:42:56.578394+00:00,"overnight,695140301,14107501,298600,0,130,123.3,287.3,3879,0,0.000,0.000,0.60,0,0,287,0.45,5.50,0.0036"
2026-04-27T11:43:56.609850+00:00,"overnight,695140301,14167533,298600,0,124,122.0,285.1,3858,0,0.000,0.000,0.60,0,0,334,0.45,5.25,0.0036"
2026-04-27T11:44:56.641009+00:00,"overnight,695140301,14227565,298600,0,122,120.3,282.5,3861,0,0.000,0.000,0.60,0,0,345,0.47,5.50,0.0036"
2026-04-27T11:45:56.672060+00:00,"overnight,695140301,14287597,298600,0,137,121.4,284.2,3861,0,0.000,0.000,0.60,0,0,301,0.36,6.31,0.0036"
2026-04-27T11:46:56.703427+00:00,"overnight,695140301,14347629,298600,0,116,118.7,280.0,3879,0,0.000,0.000,0.60,0,0,348,0.40,6.06,0.0035"
2026-04-27T11:47:56.734542+00:00,"overnight,695140301,14407661,298600,0,124,118.5,279.6,3905,0,0.000,0.000,0.60,0,0,293,0.33,5.56,0.0035"
2026-04-27T11:49:56.797138+00:00,"overnight,695140301,14467693,298600,0,118,120.5,282.9,3854,0,0.000,0.000,0.60,0,0,300,0.44,6.05,0.0036"
2026-04-27T11:49:56.799309+00:00,"overnight,695140301,14527725,298600,0,124,120.9,283.4,3915,0,0.000,0.000,0.60,0,0,313,0.37,5.84,0.0035"
2026-04-27T11:50:56.828287+00:00,"overnight,695140301,14587757,298600,0,115,118.6,279.8,3874,0,0.000,0.000,0.60,0,0,313,0.50,6.30,0.0035"
2026-04-27T11:52:56.890814+00:00,"overnight,695140301,14647789,298600,0,116,119.8,281.7,3890,0,0.000,0.000,0.60,0,0,279,0.47,5.70,0.0035"
2026-04-27T11:52:56.891134+00:00,"overnight,695140301,14707821,298600,0,117,118.1,278.9,3918,0,0.000,0.000,0.60,0,0,264,0.38,5.42,0.0035"
2026-04-27T11:53:56.922182+00:00,"overnight,695140301,14767853,298600,0,116,123.5,287.6,3889,0,0.000,0.000,0.60,0,0,236,0.34,5.36,0.0034"
2026-04-27T11:54:56.953293+00:00,"overnight,695140301,14827885,298600,0,121,121.3,284.0,3835,0,0.000,0.000,0.60,0,0,308,0.48,5.71,0.0035"
2026-04-27T11:55:56.984401+00:00,"overnight,695140301,14887917,298600,0,142,123.3,287.3,3857,0,0.000,0.000,0.60,0,0,284,0.41,5.17,0.0037"
2026-04-27T11:56:57.015793+00:00,"overnight,695140301,14947949,298600,0,124,119.7,281.4,3837,0,0.000,0.000,0.60,0,0,295,0.47,5.50,0.0035"
2026-04-27T11:57:57.063428+00:00,"overnight,695140301,15007981,298600,0,118,120.0,282.0,3864,0,0.000,0.000,0.60,0,0,297,0.45,5.76,0.0035"
2026-04-27T11:58:57.095531+00:00,"overnight,695140301,15068013,298600,0,125,121.5,284.4,3845,0,0.000,0.000,0.60,0,0,304,0.35,6.91,0.0035"
2026-04-27T11:59:57.127168+00:00,"overnight,695140301,15128045,298600,0,120,121.3,284.1,3831,0,0.000,0.000,0.60,0,0,271,0.38,5.61,0.0035"
2026-04-27T12:01:57.190607+00:00,"overnight,695140301,15188077,298600,0,115,119.8,281.7,3870,0,0.000,0.000,0.60,0,0,312,0.45,6.39,0.0036"
2026-04-27T12:01:57.192683+00:00,"overnight,695140301,15248109,298600,0,130,123.1,286.9,3862,0,0.000,0.000,0.60,0,0,308,0.34,5.18,0.0037"
2026-04-27T12:02:57.222071+00:00,"overnight,695140301,15308141,298600,0,117,118.8,280.1,3896,0,0.000,0.000,0.60,0,0,274,0.35,5.50,0.0035"
2026-04-27T12:03:57.253715+00:00,"overnight,695140301,15368173,298600,0,115,120.9,283.4,3887,0,0.000,0.000,0.60,0,0,286,0.55,5.36,0.0035"
2026-04-27T12:04:57.285859+00:00,"overnight,695140301,15428205,298600,0,116,119.7,281.4,3869,0,0.000,0.000,0.60,0,0,334,0.61,6.59,0.0035"
2026-04-27T12:05:57.317067+00:00,"overnight,695140301,15488237,298600,0,114,118.0,278.8,3889,0,0.000,0.000,0.60,0,0,282,0.39,5.91,0.0035"
2026-04-27T12:06:57.348608+00:00,"overnight,695140301,15548269,298600,0,129,116.9,277.1,3857,0,0.000,0.000,0.60,0,0,256,0.38,5.61,0.0036"
2026-04-27T12:07:57.380234+00:00,"overnight,695140301,15608301,298600,0,121,123.0,286.9,3855,0,0.000,0.000,0.60,0,0,275,0.40,5.28,0.0037"
2026-04-27T12:08:57.411989+00:00,"overnight,695140301,15668333,298600,0,124,120.5,282.8,3858,0,0.000,0.000,0.60,0,0,332,0.40,5.77,0.0035"
2026-04-27T12:09:57.443532+00:00,"overnight,695140301,15728365,298600,0,113,121.9,285.0,3814,0,0.000,0.000,0.60,0,0,292,0.39,6.44,0.0034"
2026-04-27T12:10:57.475185+00:00,"overnight,695140301,15788397,298600,0,120,122.2,285.6,3819,0,0.000,0.000,0.60,0,0,298,0.49,5.80,0.0035"
2026-04-27T12:11:57.506937+00:00,"overnight,695140301,15848429,298600,0,120,121.4,284.2,3842,0,0.000,0.000,0.60,0,0,329,0.57,5.29,0.0037"
2026-04-27T12:12:57.538496+00:00,"overnight,695140301,15908461,298600,0,116,119.8,281.7,3916,0,0.000,0.000,0.60,0,0,312,0.19,5.67,0.0034"
2026-04-27T12:13:57.570178+00:00,"overnight,695140301,15968493,298600,0,116,119.9,281.8,3915,0,0.000,0.000,0.60,0,0,275,0.40,4.91,0.0035"
2026-04-27T12:14:57.601862+00:00,"overnight,695140301,16028525,298600,0,115,120.8,283.3,3883,0,0.000,0.000,0.60,0,0,311,0.31,5.65,0.0035"
2026-04-27T12:15:57.633404+00:00,"overnight,695140301,16088557,298600,0,111,122.3,285.8,3879,0,0.000,0.000,0.60,0,0,262,0.42,5.91,0.0035"
2026-04-27T12:16:57.665179+00:00,"overnight,695140301,16148589,298600,0,116,122.3,285.6,3821,0,0.000,0.000,0.60,0,0,300,0.51,5.84,0.0034"
2026-04-27T12:17:57.696729+00:00,"overnight,695140301,16208621,298600,0,136,123.0,286.8,3835,0,0.000,0.000,0.60,0,0,291,0.26,5.94,0.0036"
2026-04-27T12:18:57.728316+00:00,"overnight,695140301,16268653,298600,0,116,122.5,286.0,3897,0,0.000,0.000,0.60,0,0,314,0.39,6.09,0.0035"
2026-04-27T12:19:57.760101+00:00,"overnight,695140301,16328685,298600,0,122,120.6,283.0,3940,0,0.000,0.000,0.60,0,0,337,0.53,5.92,0.0035"
2026-04-27T12:20:57.791576+00:00,"overnight,695140301,16388717,298600,0,130,119.9,281.9,3814,0,0.000,0.000,0.60,0,0,324,0.39,5.69,0.0037"
2026-04-27T12:21:57.823309+00:00,"overnight,695140301,16448749,298600,0,146,121.9,285.0,3869,0,0.000,0.000,0.60,0,0,335,0.32,5.64,0.0036"
2026-04-27T12:22:57.855007+00:00,"overnight,695140301,16508781,298600,0,143,121.3,284.0,3855,0,0.000,0.000,0.60,0,0,318,0.25,5.32,0.0037"
2026-04-27T12:23:57.886551+00:00,"overnight,695140301,16568813,298600,0,120,122.1,285.4,3875,0,0.000,0.000,0.60,0,0,326,0.48,5.28,0.0036"
2026-04-27T12:25:57.949877+00:00,"overnight,695140301,16628845,298600,0,116,119.6,281.3,3893,0,0.000,0.000,0.60,0,0,329,0.32,5.34,0.0035"
2026-04-27T12:25:57.950256+00:00,"overnight,695140301,16688877,298600,0,129,121.5,284.5,3872,0,0.000,0.000,0.60,0,0,274,0.43,6.02,0.0035"
2026-04-27T12:26:57.981419+00:00,"overnight,695140301,16748909,298600,0,118,123.9,288.2,3848,0,0.000,0.000,0.60,0,0,287,0.34,5.48,0.0035"
2026-04-27T12:27:58.013053+00:00,"overnight,695140301,16808941,298600,0,149,123.1,287.0,3822,0,0.000,0.000,0.60,0,0,305,0.32,5.20,0.0038"
2026-04-27T12:28:58.044784+00:00,"overnight,695140301,16868973,298600,0,109,119.0,280.3,3933,0,0.000,0.000,0.60,0,0,274,0.37,5.84,0.0034"
2026-04-27T12:29:58.076453+00:00,"overnight,695140301,16929005,298600,0,130,120.6,282.9,3891,0,0.000,0.000,0.60,0,0,267,0.40,5.26,0.0036"
2026-04-27T12:30:58.107973+00:00,"overnight,695140301,16989037,298600,0,119,120.7,283.1,3850,0,0.000,0.000,0.60,0,0,300,0.54,5.96,0.0035"
2026-04-27T12:31:58.139619+00:00,"overnight,695140301,17049069,298600,0,118,121.7,284.7,3865,0,0.000,0.000,0.60,0,0,272,0.37,5.66,0.0035"
2026-04-27T12:32:58.171155+00:00,"overnight,695140301,17109101,298600,0,110,121.4,284.3,3910,0,0.000,0.000,0.60,0,0,290,0.54,6.33,0.0035"
2026-04-27T12:33:58.195750+00:00,"overnight,695140301,17169133,298600,0,128,123.3,287.3,3918,0,0.000,0.000,0.60,0,0,318,0.45,5.33,0.0037"
2026-04-27T12:34:58.226459+00:00,"overnight,695140301,17229165,298600,0,118,121.9,285.1,3837,0,0.000,0.000,0.60,0,0,293,0.44,5.81,0.0035"
2026-04-27T12:36:58.289519+00:00,"overnight,695140301,17289197,298600,0,114,118.1,278.9,3847,0,0.000,0.000,0.60,0,0,302,0.47,5.98,0.0035"
2026-04-27T12:36:58.290833+00:00,"overnight,695140301,17349229,298600,0,109,120.2,282.2,3904,0,0.000,0.000,0.60,0,0,310,0.43,6.62,0.0034"
2026-04-27T12:37:58.320904+00:00,"overnight,695140301,17409261,298600,0,121,121.8,284.9,3897,0,0.000,0.000,0.60,0,0,292,0.42,6.22,0.0034"
2026-04-27T12:38:58.352263+00:00,"overnight,695140301,17469293,298600,0,126,122.4,285.8,3793,0,0.000,0.000,0.60,0,0,288,0.47,5.99,0.0035"
2026-04-27T12:39:58.384034+00:00,"overnight,695140301,17529325,298600,0,112,122.8,286.4,3834,0,0.000,0.000,0.60,0,0,309,0.40,5.78,0.0035"
2026-04-27T12:40:58.415208+00:00,"overnight,695140301,17589357,298600,0,125,119.3,280.9,3840,0,0.000,0.000,0.60,0,0,302,0.40,5.99,0.0035"
2026-04-27T12:42:58.478192+00:00,"overnight,695140301,17649389,298600,0,108,120.2,282.3,3887,0,0.000,0.000,0.60,0,0,320,0.49,6.67,0.0033"
2026-04-27T12:42:58.480343+00:00,"overnight,695140301,17709421,298600,0,112,121.3,284.0,3903,0,0.000,0.000,0.60,0,0,252,0.34,5.84,0.0034"
2026-04-27T12:44:58.541127+00:00,"overnight,695140301,17769453,298600,0,127,119.9,281.9,3898,0,0.000,0.000,0.60,0,0,306,0.44,5.60,0.0035"
2026-04-27T12:44:58.543181+00:00,"overnight,695140301,17829485,298600,0,124,121.8,284.8,3853,0,0.000,0.000,0.60,0,0,287,0.36,6.13,0.0036"
2026-04-27T12:45:58.572364+00:00,"overnight,695140301,17889517,298600,0,116,119.9,281.8,3846,0,0.000,0.000,0.60,0,0,295,0.46,6.10,0.0034"
2026-04-27T12:46:58.604034+00:00,"overnight,695140301,17949549,298600,0,120,120.3,282.4,3839,0,0.000,0.000,0.60,0,0,270,0.36,4.86,0.0036"
2026-04-27T12:47:58.635545+00:00,"overnight,695140301,18009581,298600,0,119,120.9,283.4,3945,0,0.000,0.000,0.60,0,0,274,0.33,5.70,0.0035"
2026-04-27T12:48:58.666788+00:00,"overnight,695140301,18069613,298600,0,122,123.9,288.3,3928,0,0.000,0.000,0.60,0,0,271,0.28,5.02,0.0036"
2026-04-27T12:50:58.730191+00:00,"overnight,695140301,18129645,298600,0,110,120.0,281.9,3911,0,0.000,0.000,0.60,0,0,265,0.27,5.23,0.0033"
2026-04-27T12:50:58.732782+00:00,"overnight,695140301,18189677,298600,0,121,120.4,282.7,3858,0,0.000,0.000,0.60,0,0,334,0.49,5.93,0.0035"
2026-04-27T12:51:58.761253+00:00,"overnight,695140301,18249709,298600,0,124,122.3,285.7,3901,0,0.000,0.000,0.60,0,0,285,0.38,5.74,0.0036"
2026-04-27T12:53:58.824009+00:00,"overnight,695140301,18309741,298600,0,127,125.2,290.3,3925,0,0.000,0.000,0.60,0,0,277,0.34,4.89,0.0037"
2026-04-27T12:53:58.825571+00:00,"overnight,695140301,18369773,298600,0,123,121.5,284.4,3866,0,0.000,0.000,0.60,0,0,307,0.50,5.31,0.0037"
2026-04-27T12:55:58.887055+00:00,"overnight,695140301,18429805,298600,0,129,122.9,286.6,3855,0,0.000,0.000,0.60,0,0,311,0.50,5.93,0.0037"
2026-04-27T12:55:58.888615+00:00,"overnight,695140301,18489837,298600,0,125,122.7,286.3,3865,0,0.000,0.000,0.60,0,0,292,0.50,5.41,0.0037"
2026-04-27T12:56:58.918540+00:00,"overnight,695140301,18549869,298600,0,121,121.9,285.0,3862,0,0.000,0.000,0.60,0,0,355,0.55,6.00,0.0036"
2026-04-27T12:57:58.949876+00:00,"overnight,695140301,18609901,298600,0,118,122.5,285.9,3886,0,0.000,0.000,0.60,0,0,330,0.35,7.05,0.0036"
2026-04-27T12:58:58.981364+00:00,"overnight,695140301,18669933,298600,0,115,119.9,281.8,3911,0,0.000,0.000,0.60,0,0,312,0.49,6.24,0.0034"
2026-04-27T12:59:59.012737+00:00,"overnight,695140301,18729965,298600,0,112,121.3,284.0,3914,0,0.000,0.000,0.60,0,0,298,0.35,5.31,0.0035"
2026-04-27T13:00:59.044406+00:00,"overnight,695140301,18789997,298600,0,120,122.7,286.2,3851,0,0.000,0.000,0.60,0,0,314,0.44,5.65,0.0035"
2026-04-27T13:02:59.107237+00:00,"overnight,695140301,18850029,298600,0,116,121.8,284.9,3891,0,0.000,0.000,0.60,0,0,301,0.32,5.80,0.0033"
2026-04-27T13:02:59.108831+00:00,"overnight,695140301,18910061,298600,0,116,120.1,282.1,3859,0,0.000,0.000,0.60,0,0,330,0.46,5.92,0.0036"
2026-04-27T13:03:59.138717+00:00,"overnight,695140301,18970093,298600,0,116,125.3,290.5,3849,0,0.000,0.000,0.60,0,0,326,0.42,5.78,0.0035"
2026-04-27T13:04:59.170010+00:00,"overnight,695140301,19030125,298600,0,112,124.1,288.6,3879,0,0.000,0.000,0.60,0,0,285,0.33,5.96,0.0036"
2026-04-27T13:06:59.232894+00:00,"overnight,695140301,19090157,298600,0,138,121.5,284.4,3851,0,0.000,0.000,0.60,0,0,293,0.39,5.10,0.0036"
2026-04-27T13:06:59.235436+00:00,"overnight,695140301,19150189,298600,0,118,121.4,284.2,3809,0,0.000,0.000,0.60,0,0,251,0.35,5.68,0.0034"
2026-04-27T13:07:59.264166+00:00,"overnight,695140301,19210221,298600,0,108,116.6,276.6,3910,0,0.000,0.000,0.60,0,0,280,0.46,5.87,0.0033"
2026-04-27T13:08:59.295538+00:00,"overnight,695140301,19270253,298600,0,106,118.7,279.9,3857,0,0.000,0.000,0.60,0,0,288,0.23,6.10,0.0033"
2026-04-27T13:09:59.337071+00:00,"overnight,695140301,19330285,298600,0,129,121.2,283.9,3859,0,0.000,0.000,0.60,0,0,299,0.45,6.00,0.0037"
2026-04-27T13:11:59.412508+00:00,"overnight,695140301,19390317,298600,0,119,116.4,276.2,3879,0,0.000,0.000,0.60,0,0,337,0.39,6.03,0.0035"
2026-04-27T13:11:59.414277+00:00,"overnight,695140301,19450349,298600,0,110,115.8,275.3,3846,0,0.000,0.000,0.60,0,0,290,0.30,5.44,0.0033"
2026-04-27T13:12:59.444414+00:00,"overnight,695140301,19510381,298600,0,116,119.3,280.8,3893,0,0.000,0.000,0.60,0,0,310,0.45,6.46,0.0035"
2026-04-27T13:13:59.476393+00:00,"overnight,695140301,19570413,298600,0,121,122.0,285.3,3912,0,0.000,0.000,0.60,0,0,256,0.46,5.17,0.0036"
2026-04-27T13:15:59.540458+00:00,"overnight,695140301,19630445,298600,0,127,124.0,288.4,3858,0,0.000,0.000,0.60,0,0,277,0.42,5.86,0.0036"
2026-04-27T13:15:59.542731+00:00,"overnight,695140301,19690477,298600,0,122,121.7,284.7,3886,0,0.000,0.000,0.60,0,0,297,0.37,5.38,0.0036"
2026-04-27T13:17:59.604465+00:00,"overnight,695140301,19750509,298600,0,110,120.7,283.1,3847,0,0.000,0.000,0.60,0,0,283,0.34,5.49,0.0036"
2026-04-27T13:17:59.606539+00:00,"overnight,695140301,19810541,298600,0,111,123.4,287.5,3898,0,0.000,0.000,0.60,0,0,270,0.46,5.23,0.0035"
2026-04-27T13:18:59.636315+00:00,"overnight,695140301,19870573,298600,0,109,119.4,281.0,3858,0,0.000,0.000,0.60,0,0,308,0.53,6.75,0.0035"
2026-04-27T13:19:59.668202+00:00,"overnight,695140301,19930605,298600,0,103,122.1,285.4,3877,0,0.000,0.000,0.60,0,0,290,0.44,5.48,0.0035"
2026-04-27T13:21:59.732069+00:00,"overnight,695140301,19990637,298600,0,112,118.2,279.2,3870,0,0.000,0.000,0.60,0,0,296,0.23,5.56,0.0035"
2026-04-27T13:21:59.734015+00:00,"overnight,695140301,20050669,298600,0,114,123.9,288.3,3871,0,0.000,0.000,0.60,0,0,339,0.48,6.42,0.0035"
2026-04-27T13:22:59.764382+00:00,"overnight,695140301,20110701,298600,0,112,122.7,286.4,3881,0,0.000,0.000,0.60,0,0,269,0.50,5.96,0.0035"
2026-04-27T13:23:59.796158+00:00,"overnight,695140301,20170733,298600,0,142,119.9,281.8,3889,0,0.000,0.000,0.60,0,0,339,0.36,5.40,0.0037"
2026-04-27T13:25:59.860200+00:00,"overnight,695140301,20230765,298600,0,110,124.8,289.7,3834,0,0.000,0.000,0.60,0,0,297,0.26,5.21,0.0035"
2026-04-27T13:25:59.862732+00:00,"overnight,695140301,20290797,298600,0,114,123.4,287.4,3852,0,0.000,0.000,0.60,0,0,301,0.41,5.54,0.0035"
2026-04-27T13:26:59.891952+00:00,"overnight,695140301,20350829,298600,0,127,121.1,283.8,3792,0,0.000,0.000,0.60,0,0,276,0.37,6.24,0.0036"
2026-04-27T13:27:59.923943+00:00,"overnight,695140301,20410861,298600,0,118,121.3,284.1,3910,0,0.000,0.000,0.60,0,0,320,0.51,5.77,0.0034"
2026-04-27T13:28:59.956002+00:00,"overnight,695140301,20470893,298600,0,129,120.4,282.7,3811,0,0.000,0.000,0.60,0,0,302,0.45,6.21,0.0035"
2026-04-27T13:29:59.987917+00:00,"overnight,695140301,20530925,298600,0,123,120.8,283.3,3785,0,0.000,0.000,0.60,0,0,256,0.43,5.89,0.0035"
2026-04-27T13:31:00.019732+00:00,"overnight,695140301,20590957,298600,0,115,120.9,283.4,3845,0,0.000,0.000,0.60,0,0,301,0.39,5.80,0.0036"
2026-04-27T13:33:00.083937+00:00,"overnight,695140301,20650989,298600,0,128,126.2,291.8,3870,0,0.000,0.000,0.60,0,0,273,0.43,6.06,0.0038"
2026-04-27T13:33:00.086323+00:00,"overnight,695140301,20711021,298600,0,121,122.6,286.2,3792,0,0.000,0.000,0.60,0,0,343,0.41,5.75,0.0036"
2026-04-27T13:34:00.115740+00:00,"overnight,695140301,20771053,298600,0,122,118.8,280.1,3912,0,0.000,0.000,0.60,0,0,279,0.53,5.48,0.0035"
2026-04-27T13:36:00.179699+00:00,"overnight,695140301,20831085,298600,0,114,122.5,286.0,3847,0,0.000,0.000,0.60,0,0,267,0.32,6.18,0.0035"
2026-04-27T13:36:00.182106+00:00,"overnight,695140301,20891117,298600,0,121,119.7,281.4,3911,0,0.000,0.000,0.60,0,0,299,0.50,5.06,0.0036"
2026-04-27T13:37:00.211640+00:00,"overnight,695140301,20951149,298600,0,122,126.7,292.8,3897,0,0.000,0.000,0.60,0,0,323,0.37,5.87,0.0036"
2026-04-27T13:38:00.243778+00:00,"overnight,695140301,21011181,298600,0,116,119.6,281.3,3856,0,0.000,0.000,0.60,0,0,286,0.40,4.87,0.0037"
2026-04-27T13:39:00.275652+00:00,"overnight,695140301,21071213,298600,0,118,122.2,285.5,3849,0,0.000,0.000,0.60,0,0,287,0.41,4.71,0.0037"
2026-04-27T13:40:00.307540+00:00,"overnight,695140301,21131245,298600,0,115,118.3,279.3,3828,0,0.000,0.000,0.60,0,0,294,0.37,5.15,0.0037"
2026-04-27T13:41:00.339692+00:00,"overnight,695140301,21191277,298600,0,129,120.1,282.1,3831,0,0.000,0.000,0.60,0,0,314,0.55,5.92,0.0037"
2026-04-27T13:42:00.371593+00:00,"overnight,695140301,21251309,298600,0,106,121.9,285.1,3863,0,0.000,0.000,0.60,0,0,285,0.48,5.75,0.0034"
2026-04-27T13:43:00.403379+00:00,"overnight,695140301,21311341,298600,0,115,118.6,279.8,3900,0,0.000,0.000,0.60,0,0,295,0.42,5.33,0.0036"
2026-04-27T13:45:00.467441+00:00,"overnight,695140301,21371373,298600,0,108,117.3,277.8,3912,0,0.000,0.000,0.60,0,0,254,0.47,5.79,0.0034"
2026-04-27T13:45:00.469681+00:00,"overnight,695140301,21431405,298600,0,124,119.0,280.5,3847,0,0.000,0.000,0.60,0,0,347,0.49,6.09,0.0036"
2026-04-27T13:46:00.499311+00:00,"overnight,695140301,21491437,298600,0,119,122.3,285.7,3929,0,0.000,0.000,0.60,0,0,362,0.52,6.02,0.0036"
2026-04-27T13:47:00.523378+00:00,"overnight,695140301,21551469,298600,0,118,119.6,281.4,3825,0,0.000,0.000,0.60,0,0,253,0.48,4.91,0.0035"
2026-04-27T13:48:00.547421+00:00,"overnight,695140301,21611501,298600,0,132,123.0,286.9,3845,0,0.000,0.000,0.60,0,0,294,0.32,4.91,0.0037"
2026-04-27T13:49:00.578725+00:00,"overnight,695140301,21671533,298600,0,120,121.8,284.9,3942,0,0.000,0.000,0.60,0,0,288,0.53,6.35,0.0038"
2026-04-27T13:50:00.610386+00:00,"overnight,695140301,21731565,298600,0,116,123.7,288.0,3951,0,0.000,0.000,0.60,0,0,261,0.43,5.51,0.0037"
2026-04-27T13:51:00.642070+00:00,"overnight,695140301,21791597,298600,0,131,119.4,281.0,3870,0,0.000,0.000,0.60,0,0,290,0.44,5.05,0.0037"
2026-04-27T13:52:00.673556+00:00,"overnight,695140301,21851629,298600,0,120,120.0,282.0,3845,0,0.000,0.000,0.60,0,0,295,0.46,5.09,0.0036"
2026-04-27T13:53:00.705050+00:00,"overnight,695140301,21911661,298600,0,119,121.4,284.3,3859,0,0.000,0.000,0.60,0,0,296,0.47,5.34,0.0035"
2026-04-27T13:54:00.736717+00:00,"overnight,695140301,21971693,298600,0,104,123.8,288.1,3853,0,0.000,0.000,0.60,0,0,305,0.42,5.86,0.0034"
2026-04-27T13:55:00.768351+00:00,"overnight,695140301,22031725,298600,0,120,119.0,280.4,3818,0,0.000,0.000,0.60,0,0,311,0.42,5.83,0.0037"
2026-04-27T13:56:00.799804+00:00,"overnight,695140301,22091757,298600,0,110,122.7,286.4,3920,0,0.000,0.000,0.60,0,0,278,0.48,6.07,0.0035"
2026-04-27T13:57:00.831356+00:00,"overnight,695140301,22151789,298600,0,120,118.2,279.1,3893,0,0.000,0.000,0.60,0,0,295,0.44,5.75,0.0036"
2026-04-27T13:58:00.862987+00:00,"overnight,695140301,22211821,298600,0,119,120.9,283.5,3906,0,0.000,0.000,0.60,0,0,292,0.39,5.29,0.0037"
2026-04-27T13:59:00.894709+00:00,"overnight,695140301,22271853,298600,0,118,121.9,285.0,3844,0,0.000,0.000,0.60,0,0,320,0.47,5.45,0.0037"
2026-04-27T14:00:00.926308+00:00,"overnight,695140301,22331885,298600,0,121,118.3,279.3,3884,0,0.000,0.000,0.60,0,0,300,0.33,4.99,0.0038"
2026-04-27T14:02:00.989297+00:00,"overnight,695140301,22391917,298600,0,126,122.7,286.3,3839,0,0.000,0.000,0.60,0,0,342,0.38,5.42,0.0036"
2026-04-27T14:02:00.991803+00:00,"overnight,695140301,22451949,298600,0,114,115.8,275.3,3877,0,0.000,0.000,0.60,0,0,312,0.51,5.75,0.0036"
2026-04-27T14:03:01.020953+00:00,"overnight,695140301,22511981,298600,0,111,124.8,289.7,3893,0,0.000,0.000,0.60,0,0,287,0.54,5.91,0.0035"
2026-04-27T14:04:01.052404+00:00,"overnight,695140301,22572013,298600,0,127,123.7,287.9,3888,0,0.000,0.000,0.60,0,0,287,0.48,5.18,0.0038"
2026-04-27T14:05:01.083979+00:00,"overnight,695140301,22632045,298600,0,121,122.0,285.1,3914,0,0.000,0.000,0.60,0,0,298,0.43,5.77,0.0036"
2026-04-27T14:06:01.115569+00:00,"overnight,695140301,22692077,298600,0,124,123.9,288.3,3838,0,0.000,0.000,0.60,0,0,297,0.43,5.51,0.0036"
2026-04-27T14:07:01.147288+00:00,"overnight,695140301,22752109,298600,0,117,121.0,283.6,3826,0,0.000,0.000,0.60,0,0,294,0.41,5.40,0.0036"
2026-04-27T14:08:01.178880+00:00,"overnight,695140301,22812141,298600,0,123,121.6,284.5,3858,0,0.000,0.000,0.60,0,0,297,0.38,5.41,0.0037"
2026-04-27T14:09:01.210298+00:00,"overnight,695140301,22872173,298600,0,129,125.0,290.0,3868,0,0.000,0.000,0.60,0,0,272,0.28,4.77,0.0037"
2026-04-27T14:10:01.242045+00:00,"overnight,695140301,22932205,298600,0,135,124.7,289.5,3826,0,0.000,0.000,0.60,0,0,325,0.53,5.28,0.0037"
2026-04-27T14:11:01.273548+00:00,"overnight,695140301,22992237,298600,0,112,122.9,286.7,3796,0,0.000,0.000,0.60,0,0,340,0.41,6.08,0.0033"
2026-04-27T14:12:01.305161+00:00,"overnight,695140301,23052269,298600,0,105,120.4,282.6,3877,0,0.000,0.000,0.60,0,0,314,0.48,6.04,0.0034"
2026-04-27T14:13:01.336650+00:00,"overnight,695140301,23112301,298600,0,115,119.2,280.7,3879,0,0.000,0.000,0.60,0,0,260,0.42,5.95,0.0034"
2026-04-27T14:14:01.368377+00:00,"overnight,695140301,23172333,298600,0,110,122.0,285.2,3809,0,0.000,0.000,0.60,0,0,295,0.29,6.03,0.0034"
2026-04-27T14:15:01.400007+00:00,"overnight,695140301,23232365,298600,0,115,121.1,283.8,3856,0,0.000,0.000,0.60,0,0,264,0.45,5.27,0.0036"
2026-04-27T14:16:01.431484+00:00,"overnight,695140301,23292397,298600,0,132,118.5,279.6,3866,0,0.000,0.000,0.60,0,0,283,0.35,5.51,0.0036"
2026-04-27T14:17:01.463139+00:00,"overnight,695140301,23352429,298600,0,126,119.8,281.6,3891,0,0.000,0.000,0.60,0,0,270,0.33,5.69,0.0034"
2026-04-27T14:18:01.494593+00:00,"overnight,695140301,23412461,298600,0,109,121.4,284.3,3846,0,0.000,0.000,0.60,0,0,316,0.47,6.34,0.0034"
2026-04-27T14:20:01.557937+00:00,"overnight,695140301,23472493,298600,0,135,119.6,281.4,3958,0,0.000,0.000,0.60,0,0,282,0.47,5.54,0.0037"
2026-04-27T14:20:01.560027+00:00,"overnight,695140301,23532525,298600,0,126,122.8,286.5,3833,0,0.000,0.000,0.60,0,0,304,0.60,5.04,0.0035"
2026-04-27T14:21:01.589706+00:00,"overnight,695140301,23592557,298600,0,127,121.7,284.7,3856,0,0.000,0.000,0.60,0,0,323,0.44,5.16,0.0037"
2026-04-27T14:22:01.621090+00:00,"overnight,695140301,23652589,298600,0,112,120.6,282.9,3830,0,0.000,0.000,0.60,0,0,346,0.47,5.73,0.0035"
2026-04-27T14:23:01.644921+00:00,"overnight,695140301,23712621,298600,0,127,123.1,287.0,3827,1002,0.004,0.008,0.60,0,0,287,0.27,5.86,0.0036"
2026-04-27T14:24:01.675751+00:00,"overnight,695140301,23772653,298600,0,128,123.4,287.4,3901,0,0.000,0.000,0.60,0,0,279,0.46,5.64,0.0035"
2026-04-27T14:26:01.738448+00:00,"overnight,695140301,23832685,298600,0,127,122.7,286.3,3910,0,0.000,0.000,0.60,0,0,321,0.29,5.40,0.0037"
2026-04-27T14:26:01.739751+00:00,"overnight,695140301,23892717,298600,0,110,123.4,287.4,3923,0,0.000,0.000,0.60,0,0,306,0.36,6.72,0.0035"
2026-04-27T14:27:01.770096+00:00,"overnight,695140301,23952749,298600,0,126,122.9,286.6,3888,0,0.000,0.000,0.60,0,0,266,0.48,6.00,0.0037"
2026-04-27T14:29:01.832681+00:00,"overnight,695140301,24012781,298600,0,119,119.9,281.9,3834,0,0.000,0.000,0.60,0,0,277,0.17,5.99,0.0037"
2026-04-27T14:29:01.835031+00:00,"overnight,695140301,24072813,298600,0,128,119.2,280.8,3871,0,0.000,0.000,0.60,0,0,292,0.28,5.70,0.0036"
2026-04-27T14:30:01.864082+00:00,"overnight,695140301,24132845,298600,0,123,118.0,278.8,3811,0,0.000,0.000,0.60,0,0,279,0.48,5.83,0.0035"
2026-04-27T14:31:01.895586+00:00,"overnight,695140301,24192877,298600,0,115,120.9,283.4,3847,0,0.000,0.000,0.60,0,0,243,0.32,5.31,0.0035"
2026-04-27T14:32:01.926940+00:00,"overnight,695140301,24252909,298600,0,116,119.7,281.4,3935,0,0.000,0.000,0.60,0,0,288,0.29,5.54,0.0035"
2026-04-27T14:33:01.958341+00:00,"overnight,695140301,24312941,298600,0,122,122.5,286.0,3861,0,0.000,0.000,0.60,0,0,291,0.39,5.43,0.0036"
2026-04-27T14:34:01.989708+00:00,"overnight,695140301,24372973,298600,0,133,122.9,286.7,3889,0,0.000,0.000,0.60,0,0,328,0.55,6.23,0.0037"
2026-04-27T14:35:02.021117+00:00,"overnight,695140301,24433005,298600,0,100,118.2,279.1,3870,0,0.000,0.000,0.60,0,0,290,0.35,5.47,0.0035"
2026-04-27T14:37:02.083916+00:00,"overnight,695140301,24493037,298600,0,121,122.3,285.7,3903,0,0.000,0.000,0.60,0,0,314,0.39,5.75,0.0035"
2026-04-27T14:37:02.085003+00:00,"overnight,695140301,24553069,298600,0,120,120.7,283.2,3874,0,0.000,0.000,0.60,0,0,253,0.18,4.94,0.0036"
2026-04-27T14:38:02.115317+00:00,"overnight,695140301,24613101,298600,0,122,117.8,278.4,3848,0,0.000,0.000,0.60,0,0,282,0.43,5.29,0.0035"
2026-04-27T14:39:02.146760+00:00,"overnight,695140301,24673133,298600,0,118,120.0,282.0,3865,0,0.000,0.000,0.60,0,0,320,0.50,6.30,0.0035"
2026-04-27T14:40:02.178424+00:00,"overnight,695140301,24733165,298600,0,119,122.9,286.6,3854,0,0.000,0.000,0.60,0,0,302,0.48,5.38,0.0035"
2026-04-27T14:41:02.209748+00:00,"overnight,695140301,24793197,298600,0,119,115.9,275.5,3871,0,0.000,0.000,0.60,0,0,289,0.48,5.28,0.0035"
2026-04-27T14:42:02.240870+00:00,"overnight,695140301,24853229,298600,0,134,126.2,291.9,3853,0,0.000,0.000,0.60,0,0,323,0.43,6.09,0.0037"
2026-04-27T14:43:02.272258+00:00,"overnight,695140301,24913261,298600,0,112,121.7,284.7,3767,0,0.000,0.000,0.60,0,0,241,0.40,6.08,0.0034"
2026-04-27T14:44:02.303703+00:00,"overnight,695140301,24973293,298600,0,129,124.4,289.0,3836,0,0.000,0.000,0.60,0,0,339,0.53,5.31,0.0036"
2026-04-27T14:45:02.335065+00:00,"overnight,695140301,25033325,298600,0,123,124.6,289.4,3926,0,0.000,0.000,0.60,0,0,270,0.37,6.18,0.0033"
2026-04-27T14:46:02.366547+00:00,"overnight,695140301,25093357,298600,0,116,120.8,283.3,3855,0,0.000,0.000,0.60,0,0,305,0.42,5.56,0.0034"
2026-04-27T14:47:02.397824+00:00,"overnight,695140301,25153389,298600,0,116,117.0,277.1,3859,0,0.000,0.000,0.60,0,0,300,0.39,5.37,0.0036"
2026-04-27T14:48:02.429341+00:00,"overnight,695140301,25213421,298600,0,112,119.5,281.2,3881,0,0.000,0.000,0.60,0,0,283,0.42,5.42,0.0036"
2026-04-27T14:49:02.460820+00:00,"overnight,695140301,25273453,298600,0,122,122.7,286.3,3928,0,0.000,0.000,0.60,0,0,342,0.55,5.86,0.0035"
2026-04-27T14:50:02.492184+00:00,"overnight,695140301,25333485,298600,0,113,118.9,280.3,3856,0,0.000,0.000,0.60,0,0,294,0.45,5.73,0.0035"
2026-04-27T14:51:02.499342+00:00,"overnight,695140301,25393517,298600,0,112,119.2,280.7,3824,0,0.000,0.000,0.60,0,0,315,0.43,5.66,0.0034"
2026-04-27T14:52:02.527503+00:00,"overnight,695140301,25453549,298600,0,128,122.3,285.7,3850,0,0.000,0.000,0.60,0,0,307,0.36,5.45,0.0037"
2026-04-27T14:53:02.558542+00:00,"overnight,695140301,25513581,298600,0,137,123.7,287.9,3909,0,0.000,0.000,0.60,0,0,262,0.50,5.59,0.0038"
2026-04-27T14:54:02.589401+00:00,"overnight,695140301,25573613,298600,0,122,122.6,286.1,3876,0,0.000,0.000,0.60,0,0,329,0.47,5.93,0.0035"
2026-04-27T14:55:02.620255+00:00,"overnight,695140301,25633645,298600,0,138,120.8,283.2,3822,0,0.000,0.000,0.60,0,0,270,0.34,4.56,0.0037"
2026-04-27T14:57:02.682372+00:00,"overnight,695140301,25693677,298600,0,118,120.1,282.2,3851,0,0.000,0.000,0.60,0,0,302,0.51,5.64,0.0035"
2026-04-27T14:57:02.683967+00:00,"overnight,695140301,25753709,298600,0,125,121.5,284.5,3886,0,0.000,0.000,0.60,0,0,290,0.41,5.52,0.0036"
2026-04-27T14:58:02.713042+00:00,"overnight,695140301,25813741,298600,0,128,125.7,291.0,3898,0,0.000,0.000,0.60,0,0,324,0.39,6.06,0.0038"
2026-04-27T14:59:02.743814+00:00,"overnight,695140301,25873773,298600,0,116,121.4,284.3,3867,0,0.000,0.000,0.60,0,0,293,0.35,5.15,0.0035"
2026-04-27T15:00:02.774848+00:00,"overnight,695140301,25933805,298600,0,136,121.7,284.7,3894,0,0.000,0.000,0.60,0,0,296,0.39,5.34,0.0036"
2026-04-27T15:02:02.836948+00:00,"overnight,695140301,25993837,298600,0,111,120.5,282.9,3890,0,0.000,0.000,0.60,0,0,297,0.32,5.31,0.0035"
2026-04-27T15:02:02.839210+00:00,"overnight,695140301,26053869,298600,0,128,123.2,287.2,3846,0,0.000,0.000,0.60,0,0,306,0.42,5.23,0.0038"
2026-04-27T15:03:02.867942+00:00,"overnight,695140301,26113901,298600,0,114,123.6,287.8,3887,0,0.000,0.000,0.60,0,0,304,0.48,5.53,0.0036"
2026-04-27T15:05:02.929466+00:00,"overnight,695140301,26173933,298600,0,137,125.2,290.4,3843,0,0.000,0.000,0.60,0,0,328,0.56,5.76,0.0038"
2026-04-27T15:05:02.931248+00:00,"overnight,695140301,26233965,298600,0,117,125.1,290.2,3862,0,0.000,0.000,0.60,0,0,267,0.41,6.06,0.0035"
2026-04-27T15:06:02.960422+00:00,"overnight,695140301,26293997,298600,0,145,119.1,280.6,3909,0,0.000,0.000,0.60,0,0,298,0.38,5.21,0.0037"
2026-04-27T15:08:03.022427+00:00,"overnight,695140301,26354029,298600,0,114,121.6,284.5,3865,0,0.000,0.000,0.60,0,0,344,0.48,6.44,0.0036"
2026-04-27T15:08:03.024563+00:00,"overnight,695140301,26414061,298600,0,122,126.0,291.5,3901,0,0.000,0.000,0.60,0,0,284,0.54,5.18,0.0036"
2026-04-27T15:09:03.052983+00:00,"overnight,695140301,26474093,298600,0,116,117.1,277.3,3804,0,0.000,0.000,0.60,0,0,301,0.43,5.22,0.0035"
2026-04-27T15:10:03.083991+00:00,"overnight,695140301,26534125,298600,0,134,119.0,280.5,3872,0,0.000,0.000,0.60,0,0,295,0.40,5.36,0.0038"
2026-04-27T15:11:03.115132+00:00,"overnight,695140301,26594157,298600,0,137,116.4,276.2,3830,0,0.000,0.000,0.60,0,0,255,0.36,4.52,0.0037"
2026-04-27T15:12:03.146042+00:00,"overnight,695140301,26654189,298600,0,124,125.2,290.2,3860,0,0.000,0.000,0.60,0,0,262,0.38,5.36,0.0037"
2026-04-27T15:13:03.176915+00:00,"overnight,695140301,26714221,298600,0,116,125.8,291.3,3886,0,0.000,0.000,0.60,0,0,332,0.41,5.96,0.0035"
2026-04-27T15:14:03.207667+00:00,"overnight,695140301,26774253,298600,0,118,123.1,286.9,3736,0,0.000,0.000,0.60,0,0,299,0.61,6.08,0.0035"
2026-04-27T15:15:03.238571+00:00,"overnight,695140301,26834285,298600,0,126,118.2,279.2,3830,0,0.000,0.000,0.60,0,0,311,0.36,5.32,0.0038"
2026-04-27T15:16:03.269578+00:00,"overnight,695140301,26894317,298600,0,115,121.2,283.9,3866,0,0.000,0.000,0.60,0,0,322,0.38,5.85,0.0036"
2026-04-27T15:17:03.300430+00:00,"overnight,695140301,26954349,298600,0,123,120.6,283.0,3834,0,0.000,0.000,0.60,0,0,320,0.54,5.47,0.0036"
2026-04-27T15:18:03.331642+00:00,"overnight,695140301,27014381,298600,0,119,123.0,286.7,3912,0,0.000,0.000,0.60,0,0,299,0.40,5.64,0.0036"
2026-04-27T15:19:03.362413+00:00,"overnight,695140301,27074413,298600,0,117,125.2,290.3,3887,0,0.000,0.000,0.60,0,0,293,0.36,5.24,0.0036"
2026-04-27T15:20:03.393182+00:00,"overnight,695140301,27134445,298600,0,117,124.1,288.6,3874,0,0.000,0.000,0.60,0,0,285,0.29,5.31,0.0035"
2026-04-27T15:21:03.424036+00:00,"overnight,695140301,27194477,298600,0,131,120.9,283.5,3853,0,0.000,0.000,0.60,0,0,330,0.47,5.05,0.0037"
2026-04-27T15:22:03.455013+00:00,"overnight,695140301,27254509,298600,0,117,122.1,285.4,3854,0,0.000,0.000,0.60,0,0,325,0.42,5.55,0.0034"
2026-04-27T15:23:03.485916+00:00,"overnight,695140301,27314541,298600,0,113,116.0,275.6,3865,0,0.000,0.000,0.60,0,0,281,0.54,6.06,0.0035"
2026-04-27T15:24:03.516913+00:00,"overnight,695140301,27374573,298600,0,123,122.7,286.3,3872,0,0.000,0.000,0.60,0,0,309,0.38,5.21,0.0037"
2026-04-27T15:25:03.547794+00:00,"overnight,695140301,27434605,298600,0,127,122.5,286.0,3850,0,0.000,0.000,0.60,0,0,308,0.45,5.52,0.0036"
2026-04-27T15:26:03.578877+00:00,"overnight,695140301,27494637,298600,1,78,140.8,315.2,444,764,0.760,1.000,0.60,0,1,4068,0.44,12.10,0.0532"
2026-04-27T15:28:03.658830+00:00,"overnight,695140301,27554669,298600,1,96,184.6,385.4,466,799,0.760,1.000,0.60,0,1,4068,0.64,15.24,0.0456"
2026-04-27T15:28:03.660361+00:00,"overnight,695140301,27614701,298600,0,136,122.5,286.0,3896,0,0.000,0.000,0.60,0,0,320,0.56,5.22,0.0037"
2026-04-27T15:29:03.690036+00:00,"overnight,695140301,27674733,298600,0,132,120.0,282.0,3866,0,0.000,0.000,0.60,0,0,280,0.35,4.84,0.0038"
2026-04-27T15:31:03.752752+00:00,"overnight,695140301,27734765,298600,0,122,121.3,284.1,3858,0,0.000,0.000,0.60,0,0,327,0.43,6.20,0.0038"
2026-04-27T15:31:03.754386+00:00,"overnight,695140301,27794797,298600,0,118,117.1,277.3,3843,0,0.000,0.000,0.60,0,0,260,0.49,5.65,0.0035"
2026-04-27T15:32:03.784093+00:00,"overnight,695140301,27854829,298600,0,127,120.7,283.1,3854,0,0.000,0.000,0.60,0,0,299,0.47,5.05,0.0036"
2026-04-27T15:33:03.815561+00:00,"overnight,695140301,27914861,298600,0,117,121.9,285.0,3895,0,0.000,0.000,0.60,0,0,328,0.47,6.22,0.0035"
2026-04-27T15:34:03.848366+00:00,"overnight,695140301,27974893,298600,0,133,121.2,284.0,3891,0,0.000,0.000,0.60,0,0,313,0.37,5.75,0.0036"
2026-04-27T15:35:03.878291+00:00,"overnight,695140301,28034925,298600,0,112,120.6,282.9,3862,0,0.000,0.000,0.60,0,0,288,0.41,5.97,0.0035"
2026-04-27T15:36:03.909552+00:00,"overnight,695140301,28094957,298600,0,120,118.0,278.8,3832,0,0.000,0.000,0.60,0,0,362,0.50,5.77,0.0037"
2026-04-27T15:37:03.940986+00:00,"overnight,695140301,28154989,298600,0,117,119.1,280.6,3843,0,0.000,0.000,0.60,0,0,275,0.45,6.07,0.0035"
2026-04-27T15:38:03.972261+00:00,"overnight,695140301,28215021,298600,0,130,122.9,286.6,3864,0,0.000,0.000,0.60,0,0,347,0.47,5.95,0.0036"
2026-04-27T15:39:04.004018+00:00,"overnight,695140301,28275053,298600,0,104,118.3,279.3,3845,0,0.000,0.000,0.60,0,0,276,0.42,5.87,0.0034"
2026-04-27T15:40:04.034992+00:00,"overnight,695140301,28335085,298600,0,120,121.6,284.5,3833,0,0.000,0.000,0.60,0,0,273,0.37,4.82,0.0035"
2026-04-27T15:41:04.066317+00:00,"overnight,695140301,28395117,298600,0,127,119.7,281.6,3859,0,0.000,0.000,0.60,0,0,297,0.37,5.32,0.0037"
2026-04-27T15:42:04.097657+00:00,"overnight,695140301,28455149,298600,0,124,122.3,285.6,3859,0,0.000,0.000,0.60,0,0,334,0.32,5.70,0.0043"
2026-04-27T15:43:04.128963+00:00,"overnight,695140301,28515181,298600,0,112,118.6,279.8,3872,0,0.000,0.000,0.60,0,0,268,0.45,6.04,0.0034"
2026-04-27T15:44:04.160579+00:00,"overnight,695140301,28575213,298600,0,117,123.1,286.9,3667,0,0.000,0.000,0.60,0,0,278,0.49,5.57,0.0036"
2026-04-27T15:45:04.191762+00:00,"overnight,695140301,28635245,298600,0,102,118.5,279.7,3873,0,0.000,0.000,0.60,0,0,301,0.32,6.38,0.0032"
2026-04-27T15:47:04.254785+00:00,"overnight,695140301,28695277,298600,0,126,123.5,287.7,3891,0,0.000,0.000,0.60,0,0,251,0.22,5.54,0.0036"
2026-04-27T15:47:04.257011+00:00,"overnight,695140301,28755309,298600,0,109,114.8,273.7,3861,0,0.000,0.000,0.60,0,0,321,0.24,5.56,0.0034"
2026-04-27T15:49:04.317248+00:00,"overnight,695140301,28815341,298600,0,113,118.9,280.2,3857,0,0.000,0.000,0.60,0,0,298,0.37,5.11,0.0035"
2026-04-27T15:49:04.320099+00:00,"overnight,695140301,28875373,298600,0,120,125.8,291.3,3842,0,0.000,0.000,0.60,0,0,261,0.49,5.87,0.0036"
2026-04-27T15:51:04.379875+00:00,"overnight,695140301,28935405,298600,0,131,122.5,286.0,3887,0,0.000,0.000,0.60,0,0,306,0.47,5.69,0.0037"
2026-04-27T15:51:04.382572+00:00,"overnight,695140301,28995437,298600,0,127,125.9,291.5,3811,0,0.000,0.000,0.60,0,0,297,0.44,6.03,0.0037"
2026-04-27T15:52:04.411236+00:00,"overnight,695140301,29055469,298600,0,130,121.9,285.0,3832,0,0.000,0.000,0.60,0,0,306,0.40,4.72,0.0038"
2026-04-27T15:53:04.442661+00:00,"overnight,695140301,29115501,298600,0,115,120.4,282.6,3847,0,0.000,0.000,0.60,0,0,344,0.40,5.44,0.0036"
2026-04-27T15:54:04.473867+00:00,"overnight,695140301,29175533,298600,0,119,123.5,287.7,3927,0,0.000,0.000,0.60,0,0,282,0.43,5.60,0.0035"
2026-04-27T15:55:04.505299+00:00,"overnight,695140301,29235565,298600,0,140,125.7,291.2,3958,0,0.000,0.000,0.60,0,0,300,0.35,6.17,0.0040"
2026-04-27T15:56:04.536630+00:00,"overnight,695140301,29295597,298600,0,125,122.3,285.8,3840,0,0.000,0.000,0.60,0,0,273,0.32,5.29,0.0037"
2026-04-27T15:58:04.599383+00:00,"overnight,695140301,29355629,298600,0,137,121.6,284.6,3911,0,0.000,0.000,0.60,0,0,309,0.41,5.85,0.0037"
2026-04-27T15:58:04.602106+00:00,"overnight,695140301,29415661,298600,0,127,121.0,283.6,3840,0,0.000,0.000,0.60,0,0,339,0.35,5.96,0.0035"
2026-04-27T15:59:04.630764+00:00,"overnight,695140301,29475693,298600,0,136,124.0,288.4,3873,0,0.000,0.000,0.60,0,0,279,0.40,4.66,0.0037"
2026-04-27T16:00:04.662247+00:00,"overnight,695140301,29535725,298600,0,116,120.1,282.1,3865,0,0.000,0.000,0.60,0,0,325,0.52,5.78,0.0035"
2026-04-27T16:01:04.693449+00:00,"overnight,695140301,29595757,298600,0,126,122.4,285.8,3866,0,0.000,0.000,0.60,0,0,338,0.57,5.82,0.0035"
2026-04-27T16:03:04.778158+00:00,"overnight,695140301,29655789,298600,0,120,121.9,285.0,3723,0,0.000,0.000,0.60,0,0,290,0.43,5.44,0.0038"
2026-04-27T16:03:04.780652+00:00,"overnight,695140301,29715821,298600,0,132,126.3,292.0,3935,0,0.000,0.000,0.60,0,0,282,0.41,5.22,0.0036"
2026-04-27T16:04:04.811186+00:00,"overnight,695140301,29775853,298600,0,123,123.3,287.3,3846,0,0.000,0.000,0.60,1,0,240,0.33,4.39,0.0037"
